"""ID""","""名称""","""描述""","""Icon""","""SpecilGuest""","""GuestNum""","""Attr1AAttract""","""Attr1APoint""","""Attr1BAttract""","""Attr1BPoint""","""Attr2AAttract""","""Attr2APoint""","""Attr2BAttract""","""Attr2BPoint""","""Attr3AAttract""","""Attr3APoint""","""Attr3BAttract""","""Attr3BPoint""","""LikeSkill1""","""LikeSkill2""","""LikeSkill3""","""SkillAttract1""","""SkillAttract2""","""SkillAttract3""","""SkillPoint1""","""SkillPoint2""","""SkillPoint3""","""AddBuffs1""","""AddBuffs2""","""AddBuffs3"""
1.1.1,Guest1,,,0,3,592,528,0,0,0,0,247,242,0,0,161,230,,,,0,0,0,0,0,0,,,
1.1.2,Guest2,,,0,1,494,465,0,0,0,0,339,241,167,294,0,0,,,,0,0,0,0,0,0,,,
1.1.3,Guest3,,,0,5,0,0,590,535,176,236,0,0,0,0,234,229,,,,0,0,0,0,0,0,,,
1.1.4,Guest4,,,0,4,0,0,693,283,0,0,157,424,150,293,0,0,,,,0,0,0,0,0,0,,,
1.1.5,Guest5,,,0,2,212,564,0,0,442,229,0,0,0,0,346,207,,,,0,0,0,0,0,0,,,
1.1.6,Guest6,,,0,1,0,0,297,441,367,243,0,0,0,0,336,316,,,,0,0,0,0,0,0,,,
1.2.1,Guest7,,,0,2,564,376,0,0,245,314,0,0,0,0,191,310,,,,0,0,0,0,0,0,,,
1.2.2,Guest8,,,0,4,0,0,228,368,0,0,188,298,0,0,584,334,,,,0,0,0,0,0,0,,,
1.2.3,Guest9,,,0,1,179,386,0,0,0,0,168,336,653,278,0,0,,,,0,0,0,0,0,0,,,
1.2.4,Guest10,,,0,4,165,350,0,0,0,0,517,371,0,0,318,279,,,,0,0,0,0,0,0,,,
1.2.5,Guest11,,,0,4,506,395,0,0,302,327,0,0,192,278,0,0,,,,0,0,0,0,0,0,,,
1.2.6,Guest12,,,0,5,321,431,0,0,373,328,0,0,0,0,306,241,,,,0,0,0,0,0,0,,,
1.3.1,Guest13,,,0,5,0,0,304,308,0,0,512,463,184,229,0,0,,,,0,0,0,0,0,0,,,
1.3.2,Guest14,,,0,2,404,501,0,0,251,209,0,0,0,0,345,290,,,,0,0,0,0,0,0,,,
1.3.3,Guest15,,,0,2,0,0,636,405,208,352,0,0,0,0,156,243,,,,0,0,0,0,0,0,,,
1.3.4,Guest16,,,0,2,0,0,407,472,0,0,314,245,0,0,279,283,,,,0,0,0,0,0,0,,,
1.3.5,Guest17,,,0,1,396,304,0,0,226,469,0,0,378,227,0,0,,,,0,0,0,0,0,0,,,
1.3.6,Guest18,,,0,3,697,267,0,0,0,0,152,467,0,0,151,266,,,,0,0,0,0,0,0,,,
1.4.1,Guest19,,,0,4,328,376,0,0,332,382,0,0,0,0,340,242,,,,0,0,0,0,0,0,,,
1.4.2,Guest20,,,0,1,0,0,206,219,442,498,0,0,352,283,0,0,,,,0,0,0,0,0,0,,,
1.4.3,Guest21,,,0,4,266,308,0,0,0,0,359,246,0,0,375,446,,,,0,0,0,0,0,0,,,
1.4.4,Guest22,,,0,3,308,483,0,0,0,0,391,228,301,289,0,0,,,,0,0,0,0,0,0,,,
1.4.5,Guest23,,,0,1,0,0,499,397,0,0,169,375,332,228,0,0,,,,0,0,0,0,0,0,,,
1.4.6,Guest24,,,0,5,0,0,624,421,159,334,0,0,217,245,0,0,,,,0,0,0,0,0,0,,,
1.5.1,Guest25,,,0,1,305,485,0,0,289,202,0,0,0,0,406,313,,,,0,0,0,0,0,0,,,
1.5.2,Guest26,,,0,2,608,505,0,0,0,0,202,207,190,288,0,0,,,,0,0,0,0,0,0,,,
1.5.3,Guest27,,,0,5,0,0,366,326,0,0,270,462,0,0,364,212,,,,0,0,0,0,0,0,,,
1.5.4,Guest28,,,0,5,0,0,443,556,0,0,333,238,0,0,224,206,,,,0,0,0,0,0,0,,,
1.5.5,Guest29,,,0,5,284,294,0,0,0,0,179,259,537,447,0,0,,,,0,0,0,0,0,0,,,
1.5.6,Guest30,,,0,2,599,226,0,0,0,0,176,449,0,0,225,325,,,,0,0,0,0,0,0,,,
1.6.1,Guest31,,,0,3,0,0,180,464,488,288,0,0,0,0,332,248,,,,0,0,0,0,0,0,,,
1.6.2,Guest32,,,0,3,700,293,0,0,150,248,0,0,150,459,0,0,,,,0,0,0,0,0,0,,,
1.6.3,Guest33,,,0,5,228,368,0,0,572,259,0,0,200,373,0,0,,,,0,0,0,0,0,0,,,
1.6.4,Guest34,,,0,5,0,0,524,327,217,317,0,0,0,0,259,356,,,,0,0,0,0,0,0,,,
1.6.5,Guest35,,,0,3,221,481,0,0,0,0,426,250,0,0,353,269,,,,0,0,0,0,0,0,,,
1.6.6,Guest36,,,0,4,0,0,547,409,0,0,269,355,184,236,0,0,,,,0,0,0,0,0,0,,,
1.7.1,Guest37,,,0,1,0,0,687,280,150,291,0,0,163,429,0,0,,,,0,0,0,0,0,0,,,
1.7.2,Guest38,,,0,4,0,0,350,454,0,0,419,225,0,0,231,321,,,,0,0,0,0,0,0,,,
1.7.3,Guest39,,,0,4,0,0,588,483,0,0,238,269,174,248,0,0,,,,0,0,0,0,0,0,,,
1.7.4,Guest40,,,0,3,636,388,0,0,211,337,0,0,153,275,0,0,,,,0,0,0,0,0,0,,,
1.7.5,Guest41,,,0,2,0,0,265,347,0,0,327,239,408,414,0,0,,,,0,0,0,0,0,0,,,
1.7.6,Guest42,,,0,1,644,410,0,0,159,254,0,0,197,336,0,0,,,,0,0,0,0,0,0,,,
1.8.1,Guest43,,,0,1,0,0,311,233,0,0,209,432,480,335,0,0,,,,0,0,0,0,0,0,,,
1.8.2,Guest44,,,0,3,674,499,0,0,0,0,166,259,160,242,0,0,,,,0,0,0,0,0,0,,,
1.8.3,Guest45,,,0,3,0,0,559,583,155,217,0,0,286,200,0,0,,,,0,0,0,0,0,0,,,
1.8.4,Guest46,,,0,1,0,0,546,379,0,0,294,405,0,0,160,216,,,,0,0,0,0,0,0,,,
1.8.5,Guest47,,,0,1,523,427,0,0,313,248,0,0,164,325,0,0,,,,0,0,0,0,0,0,,,
1.8.6,Guest48,,,0,3,236,530,0,0,0,0,567,235,197,235,0,0,,,,0,0,0,0,0,0,,,
1.9.1,Guest49,,,0,5,0,0,429,247,390,400,0,0,181,353,0,0,,,,0,0,0,0,0,0,,,
1.9.2,Guest50,,,0,5,0,0,163,415,0,0,542,226,0,0,295,359,,,,0,0,0,0,0,0,,,
1.9.3,Guest51,,,0,3,644,573,0,0,0,0,186,223,170,204,0,0,,,,0,0,0,0,0,0,,,
1.9.4,Guest52,,,0,4,0,0,421,338,291,224,0,0,288,438,0,0,,,,0,0,0,0,0,0,,,
1.9.5,Guest53,,,0,3,422,285,0,0,0,0,389,415,189,300,0,0,,,,0,0,0,0,0,0,,,
1.9.6,Guest54,,,0,3,298,393,0,0,0,0,256,278,446,329,0,0,,,,0,0,0,0,0,0,,,
2.1.1,Guest55,,,0,2,0,0,648,315,164,468,0,0,188,217,0,0,,,,0,0,0,0,0,0,,,
2.1.2,Guest56,,,0,3,0,0,652,233,167,432,0,0,181,335,0,0,,,,0,0,0,0,0,0,,,
2.1.3,Guest57,,,0,4,444,284,0,0,0,0,181,388,375,328,0,0,,,,0,0,0,0,0,0,,,
2.1.4,Guest58,,,0,5,229,441,0,0,0,0,249,330,522,229,0,0,,,,0,0,0,0,0,0,,,
2.1.5,Guest59,,,0,5,0,0,628,234,0,0,221,284,151,482,0,0,,,,0,0,0,0,0,0,,,
2.1.6,Guest60,,,0,5,668,571,0,0,0,0,167,227,165,202,0,0,,,,0,0,0,0,0,0,,,
2.2.1,Guest61,,,0,3,325,563,0,0,0,0,334,209,341,228,0,0,,,,0,0,0,0,0,0,,,
2.2.2,Guest62,,,0,2,0,0,489,518,0,0,308,214,203,268,0,0,,,,0,0,0,0,0,0,,,
2.2.3,Guest63,,,0,5,0,0,575,417,0,0,155,262,0,0,270,321,,,,0,0,0,0,0,0,,,
2.2.4,Guest64,,,0,4,305,205,0,0,323,489,0,0,372,306,0,0,,,,0,0,0,0,0,0,,,
2.2.5,Guest65,,,0,3,288,307,0,0,0,0,344,414,0,0,368,279,,,,0,0,0,0,0,0,,,
2.2.6,Guest66,,,0,4,437,279,0,0,150,202,0,0,413,519,0,0,,,,0,0,0,0,0,0,,,
2.3.1,Guest67,,,0,3,0,0,212,417,435,336,0,0,0,0,353,247,,,,0,0,0,0,0,0,,,
2.3.2,Guest68,,,0,3,0,0,160,265,651,504,0,0,189,231,0,0,,,,0,0,0,0,0,0,,,
2.3.3,Guest69,,,0,2,0,0,236,344,0,0,199,438,0,0,565,218,,,,0,0,0,0,0,0,,,
2.3.4,Guest70,,,0,4,0,0,520,303,218,203,0,0,262,494,0,0,,,,0,0,0,0,0,0,,,
2.3.5,Guest71,,,0,1,0,0,308,445,0,0,427,339,265,216,0,0,,,,0,0,0,0,0,0,,,
2.3.6,Guest72,,,0,1,0,0,331,267,0,0,492,225,0,0,177,508,,,,0,0,0,0,0,0,,,
2.4.1,Guest73,,,0,5,378,416,0,0,257,278,0,0,0,0,365,306,,,,0,0,0,0,0,0,,,
2.4.2,Guest74,,,0,2,0,0,468,245,0,0,151,246,0,0,381,509,,,,0,0,0,0,0,0,,,
2.4.3,Guest75,,,0,1,0,0,437,381,413,247,0,0,150,372,0,0,,,,0,0,0,0,0,0,,,
2.4.4,Guest76,,,0,3,292,277,0,0,0,0,291,446,0,0,417,277,,,,0,0,0,0,0,0,,,
2.4.5,Guest77,,,0,3,602,473,0,0,0,0,173,267,225,260,0,0,,,,0,0,0,0,0,0,,,
2.4.6,Guest78,,,0,4,307,232,0,0,210,409,0,0,483,359,0,0,,,,0,0,0,0,0,0,,,
2.5.1,Guest79,,,0,5,327,287,0,0,0,0,158,321,0,0,515,392,,,,0,0,0,0,0,0,,,
2.5.2,Guest80,,,0,3,0,0,586,248,0,0,251,275,0,0,163,477,,,,0,0,0,0,0,0,,,
2.5.3,Guest81,,,0,1,0,0,467,207,0,0,236,515,0,0,297,278,,,,0,0,0,0,0,0,,,
2.5.4,Guest82,,,0,1,0,0,498,373,248,427,0,0,254,200,0,0,,,,0,0,0,0,0,0,,,
2.5.5,Guest83,,,0,1,0,0,285,476,472,312,0,0,243,212,0,0,,,,0,0,0,0,0,0,,,
2.5.6,Guest84,,,0,5,0,0,402,269,0,0,216,471,0,0,382,260,,,,0,0,0,0,0,0,,,
2.6.1,Guest85,,,0,5,700,423,0,0,0,0,150,293,150,284,0,0,,,,0,0,0,0,0,0,,,
2.6.2,Guest86,,,0,3,374,248,0,0,0,0,427,518,199,234,0,0,,,,0,0,0,0,0,0,,,
2.6.3,Guest87,,,0,3,0,0,535,564,284,207,0,0,181,229,0,0,,,,0,0,0,0,0,0,,,
2.6.4,Guest88,,,0,3,529,319,0,0,288,394,0,0,0,0,183,287,,,,0,0,0,0,0,0,,,
2.6.5,Guest89,,,0,3,0,0,551,388,0,0,265,330,0,0,184,282,,,,0,0,0,0,0,0,,,
2.6.6,Guest90,,,0,1,0,0,343,422,0,0,285,225,0,0,372,353,,,,0,0,0,0,0,0,,,
2.7.1,Guest91,,,0,4,0,0,188,554,516,225,0,0,296,221,0,0,,,,0,0,0,0,0,0,,,
2.7.2,Guest92,,,0,5,0,0,260,539,351,232,0,0,0,0,389,229,,,,0,0,0,0,0,0,,,
2.7.3,Guest93,,,0,3,151,418,0,0,341,209,0,0,0,0,508,373,,,,0,0,0,0,0,0,,,
2.7.4,Guest94,,,0,5,448,310,0,0,0,0,236,437,0,0,316,253,,,,0,0,0,0,0,0,,,
2.7.5,Guest95,,,0,1,698,234,0,0,0,0,151,254,151,512,0,0,,,,0,0,0,0,0,0,,,
2.7.6,Guest96,,,0,4,0,0,433,475,413,315,0,0,154,210,0,0,,,,0,0,0,0,0,0,,,
2.8.1,Guest97,,,0,1,0,0,203,385,0,0,628,357,169,258,0,0,,,,0,0,0,0,0,0,,,
2.8.2,Guest98,,,0,4,280,428,0,0,229,201,0,0,491,371,0,0,,,,0,0,0,0,0,0,,,
2.8.3,Guest99,,,0,4,606,593,0,0,0,0,227,204,0,0,167,203,,,,0,0,0,0,0,0,,,
2.8.4,Guest100,,,0,4,0,0,522,538,0,0,155,245,323,217,0,0,,,,0,0,0,0,0,0,,,
2.8.5,,,,0,4,384,440,0,0,0,0,188,338,0,0,428,222,,,,0,0,0,0,0,0,,,
2.8.6,,,,0,3,166,321,0,0,0,0,582,357,252,322,0,0,,,,0,0,0,0,0,0,,,
2.9.1,,,,0,3,0,0,577,257,0,0,246,269,0,0,177,474,,,,0,0,0,0,0,0,,,
2.9.2,,,,0,1,0,0,667,303,176,380,0,0,157,317,0,0,,,,0,0,0,0,0,0,,,
2.9.3,,,,0,4,252,478,0,0,0,0,460,214,0,0,288,308,,,,0,0,0,0,0,0,,,
2.9.4,,,,0,3,0,0,254,225,0,0,173,428,573,347,0,0,,,,0,0,0,0,0,0,,,
2.9.5,,,,0,2,0,0,267,600,0,0,202,200,0,0,531,200,,,,0,0,0,0,0,0,,,
2.9.6,,,,0,2,0,0,570,265,0,0,262,312,0,0,168,423,,,,0,0,0,0,0,0,,,
3.1.1,,,,0,2,0,0,261,406,419,351,0,0,320,243,0,0,,,,0,0,0,0,0,0,,,
3.1.2,,,,0,2,0,0,336,533,0,0,461,265,203,202,0,0,,,,0,0,0,0,0,0,,,
3.1.3,,,,0,1,0,0,451,551,0,0,385,235,164,214,0,0,,,,0,0,0,0,0,0,,,
3.1.4,,,,0,4,0,0,529,412,0,0,310,269,161,319,0,0,,,,0,0,0,0,0,0,,,
3.1.5,,,,0,2,0,0,410,247,195,505,0,0,395,248,0,0,,,,0,0,0,0,0,0,,,
3.1.6,,,,0,4,0,0,405,548,174,229,0,0,0,0,421,223,,,,0,0,0,0,0,0,,,
3.2.1,,,,0,5,0,0,542,405,287,231,0,0,171,364,0,0,,,,0,0,0,0,0,0,,,
3.2.2,,,,0,5,0,0,696,303,0,0,154,462,0,0,150,235,,,,0,0,0,0,0,0,,,
3.2.3,,,,0,2,0,0,640,243,0,0,183,441,0,0,177,316,,,,0,0,0,0,0,0,,,
3.2.4,,,,0,5,0,0,669,433,180,241,0,0,0,0,151,326,,,,0,0,0,0,0,0,,,
3.2.5,,,,0,1,365,321,0,0,233,466,0,0,402,213,0,0,,,,0,0,0,0,0,0,,,
3.2.6,,,,0,3,0,0,555,202,0,0,161,321,284,477,0,0,,,,0,0,0,0,0,0,,,
3.3.1,,,,0,5,0,0,348,412,473,383,0,0,179,205,0,0,,,,0,0,0,0,0,0,,,
3.3.2,,,,0,2,245,290,0,0,0,0,455,400,300,310,0,0,,,,0,0,0,0,0,0,,,
3.3.3,,,,0,3,0,0,627,542,205,204,0,0,0,0,168,254,,,,0,0,0,0,0,0,,,
3.3.4,,,,0,3,0,0,363,251,0,0,480,371,157,378,0,0,,,,0,0,0,0,0,0,,,
3.3.5,,,,0,3,0,0,238,339,401,347,0,0,361,314,0,0,,,,0,0,0,0,0,0,,,
3.3.6,,,,0,1,0,0,581,467,191,221,0,0,0,0,228,312,,,,0,0,0,0,0,0,,,
3.4.1,,,,0,3,443,273,0,0,288,519,0,0,0,0,269,208,,,,0,0,0,0,0,0,,,
3.4.2,,,,0,3,0,0,256,245,368,344,0,0,376,411,0,0,,,,0,0,0,0,0,0,,,
3.4.3,,,,0,2,0,0,478,325,0,0,270,318,0,0,252,357,,,,0,0,0,0,0,0,,,
3.4.4,,,,0,5,267,504,0,0,0,0,189,245,544,251,0,0,,,,0,0,0,0,0,0,,,
3.4.5,,,,0,5,0,0,351,409,0,0,408,349,241,242,0,0,,,,0,0,0,0,0,0,,,
3.4.6,,,,0,4,0,0,316,534,364,251,0,0,320,215,0,0,,,,0,0,0,0,0,0,,,
3.5.1,,,,0,1,685,260,0,0,0,0,153,402,0,0,162,338,,,,0,0,0,0,0,0,,,
3.5.2,,,,0,3,0,0,370,521,426,214,0,0,204,265,0,0,,,,0,0,0,0,0,0,,,
3.5.3,,,,0,5,161,424,0,0,499,319,0,0,0,0,340,257,,,,0,0,0,0,0,0,,,
3.5.4,,,,0,1,169,488,0,0,0,0,458,215,0,0,373,297,,,,0,0,0,0,0,0,,,
3.5.5,,,,0,4,0,0,254,249,0,0,320,325,426,426,0,0,,,,0,0,0,0,0,0,,,
3.5.6,,,,0,4,413,510,0,0,267,209,0,0,320,281,0,0,,,,0,0,0,0,0,0,,,
3.6.1,,,,0,5,642,432,0,0,0,0,192,329,0,0,166,239,,,,0,0,0,0,0,0,,,
3.6.2,,,,0,4,0,0,394,447,399,205,0,0,207,348,0,0,,,,0,0,0,0,0,0,,,
3.6.3,,,,0,5,0,0,239,250,330,220,0,0,0,0,431,530,,,,0,0,0,0,0,0,,,
3.6.4,,,,0,1,0,0,297,529,247,226,0,0,456,245,0,0,,,,0,0,0,0,0,0,,,
3.6.5,,,,0,5,0,0,675,477,155,318,0,0,0,0,170,205,,,,0,0,0,0,0,0,,,
3.6.6,,,,0,2,629,367,0,0,191,382,0,0,180,251,0,0,,,,0,0,0,0,0,0,,,
3.7.1,,,,0,2,0,0,550,526,0,0,220,265,0,0,230,209,,,,0,0,0,0,0,0,,,
3.7.2,,,,0,1,0,0,541,445,191,287,0,0,268,268,0,0,,,,0,0,0,0,0,0,,,
3.7.3,,,,0,1,0,0,631,229,0,0,151,277,0,0,218,494,,,,0,0,0,0,0,0,,,
3.7.4,,,,0,1,558,267,0,0,0,0,183,341,0,0,259,392,,,,0,0,0,0,0,0,,,
3.7.5,,,,0,3,0,0,637,353,0,0,186,447,0,0,177,200,,,,0,0,0,0,0,0,,,
3.7.6,,,,0,4,402,449,0,0,345,348,0,0,0,0,253,203,,,,0,0,0,0,0,0,,,
3.8.1,,,,0,3,496,209,0,0,153,556,0,0,351,235,0,0,,,,0,0,0,0,0,0,,,
3.8.2,,,,0,5,289,560,0,0,0,0,250,227,0,0,461,213,,,,0,0,0,0,0,0,,,
3.8.3,,,,0,3,0,0,551,559,172,200,0,0,0,0,277,241,,,,0,0,0,0,0,0,,,
3.8.4,,,,0,4,648,570,0,0,0,0,189,203,0,0,163,227,,,,0,0,0,0,0,0,,,
3.8.5,,,,0,4,0,0,216,401,629,284,0,0,155,315,0,0,,,,0,0,0,0,0,0,,,
3.8.6,,,,0,2,0,0,379,462,294,257,0,0,0,0,327,281,,,,0,0,0,0,0,0,,,
3.9.1,,,,0,5,644,219,0,0,0,0,206,338,150,443,0,0,,,,0,0,0,0,0,0,,,
3.9.2,,,,0,4,370,445,0,0,294,290,0,0,336,265,0,0,,,,0,0,0,0,0,0,,,
3.9.3,,,,0,5,0,0,558,360,0,0,229,319,0,0,213,321,,,,0,0,0,0,0,0,,,
3.9.4,,,,0,4,406,519,0,0,0,0,425,260,0,0,169,221,,,,0,0,0,0,0,0,,,
3.9.5,,,,0,1,0,0,446,412,0,0,271,227,0,0,283,361,,,,0,0,0,0,0,0,,,
3.9.6,,,,0,4,229,453,0,0,549,230,0,0,0,0,222,317,,,,0,0,0,0,0,0,,,
4.1.1,,,,0,5,610,575,0,0,211,219,0,0,0,0,179,206,,,,0,0,0,0,0,0,,,
4.1.2,,,,0,4,0,0,579,579,152,200,0,0,269,221,0,0,,,,0,0,0,0,0,0,,,
4.1.3,,,,0,5,691,458,0,0,158,263,0,0,0,0,151,279,,,,0,0,0,0,0,0,,,
4.1.4,,,,0,4,313,365,0,0,222,266,0,0,0,0,465,369,,,,0,0,0,0,0,0,,,
4.1.5,,,,0,2,0,0,432,594,172,200,0,0,0,0,396,206,,,,0,0,0,0,0,0,,,
4.1.6,,,,0,2,0,0,335,363,0,0,426,378,239,259,0,0,,,,0,0,0,0,0,0,,,
4.2.1,,,,0,2,519,593,0,0,272,200,0,0,209,207,0,0,,,,0,0,0,0,0,0,,,
4.2.2,,,,0,5,0,0,160,534,368,248,0,0,472,218,0,0,,,,0,0,0,0,0,0,,,
4.2.3,,,,0,2,0,0,309,415,372,249,0,0,0,0,319,336,,,,0,0,0,0,0,0,,,
4.2.4,,,,0,4,0,0,584,300,196,483,0,0,0,0,220,217,,,,0,0,0,0,0,0,,,
4.2.5,,,,0,4,444,553,0,0,249,203,0,0,307,244,0,0,,,,0,0,0,0,0,0,,,
4.2.6,,,,0,3,495,337,0,0,0,0,343,425,162,238,0,0,,,,0,0,0,0,0,0,,,
4.3.1,,,,0,2,325,514,0,0,381,241,0,0,294,245,0,0,,,,0,0,0,0,0,0,,,
4.3.2,,,,0,3,351,305,0,0,162,333,0,0,0,0,487,362,,,,0,0,0,0,0,0,,,
4.3.3,,,,0,5,540,319,0,0,0,0,180,456,0,0,280,225,,,,0,0,0,0,0,0,,,
4.3.4,,,,0,5,306,237,0,0,478,546,0,0,216,217,0,0,,,,0,0,0,0,0,0,,,
4.3.5,,,,0,3,525,505,0,0,0,0,234,285,0,0,241,210,,,,0,0,0,0,0,0,,,
4.3.6,,,,0,1,411,266,0,0,402,334,0,0,0,0,187,400,,,,0,0,0,0,0,0,,,
4.4.1,,,,0,1,0,0,304,329,0,0,220,295,0,0,476,376,,,,0,0,0,0,0,0,,,
4.4.2,,,,0,1,503,363,0,0,197,256,0,0,300,381,0,0,,,,0,0,0,0,0,0,,,
4.4.3,,,,0,3,0,0,282,587,0,0,204,203,514,210,0,0,,,,0,0,0,0,0,0,,,
4.4.4,,,,0,5,655,329,0,0,0,0,174,347,0,0,171,324,,,,0,0,0,0,0,0,,,
4.4.5,,,,0,3,0,0,416,403,239,275,0,0,345,322,0,0,,,,0,0,0,0,0,0,,,
4.4.6,,,,0,1,415,302,0,0,431,449,0,0,0,0,154,249,,,,0,0,0,0,0,0,,,
4.5.1,,,,0,2,576,431,0,0,252,262,0,0,0,0,172,307,,,,0,0,0,0,0,0,,,
4.5.2,,,,0,2,0,0,472,329,0,0,162,413,0,0,366,258,,,,0,0,0,0,0,0,,,
4.5.3,,,,0,1,261,587,0,0,341,203,0,0,0,0,398,210,,,,0,0,0,0,0,0,,,
4.5.4,,,,0,2,557,299,0,0,151,376,0,0,0,0,292,325,,,,0,0,0,0,0,0,,,
4.5.5,,,,0,2,0,0,183,341,0,0,346,454,471,205,0,0,,,,0,0,0,0,0,0,,,
4.5.6,,,,0,3,0,0,315,357,274,246,0,0,0,0,411,397,,,,0,0,0,0,0,0,,,
4.6.1,,,,0,5,329,272,0,0,0,0,426,458,0,0,245,270,,,,0,0,0,0,0,0,,,
4.6.2,,,,0,3,226,483,0,0,0,0,422,215,0,0,352,302,,,,0,0,0,0,0,0,,,
4.6.3,,,,0,2,402,272,0,0,0,0,282,278,0,0,316,450,,,,0,0,0,0,0,0,,,
4.6.4,,,,0,4,492,215,0,0,306,305,0,0,202,480,0,0,,,,0,0,0,0,0,0,,,
4.6.5,,,,0,1,0,0,473,399,0,0,314,311,0,0,213,290,,,,0,0,0,0,0,0,,,
4.6.6,,,,0,2,0,0,670,502,0,0,156,255,0,0,174,243,,,,0,0,0,0,0,0,,,
4.7.1,,,,0,3,0,0,510,414,258,258,0,0,0,0,232,328,,,,0,0,0,0,0,0,,,
4.7.2,,,,0,5,594,291,0,0,195,269,0,0,211,440,0,0,,,,0,0,0,0,0,0,,,
4.7.3,,,,0,1,0,0,622,226,228,291,0,0,0,0,150,483,,,,0,0,0,0,0,0,,,
4.7.4,,,,0,4,0,0,692,579,157,208,0,0,151,213,0,0,,,,0,0,0,0,0,0,,,
4.7.5,,,,0,1,0,0,444,566,0,0,273,229,283,205,0,0,,,,0,0,0,0,0,0,,,
4.7.6,,,,0,2,0,0,388,583,0,0,185,206,427,211,0,0,,,,0,0,0,0,0,0,,,
4.8.1,,,,0,5,166,379,0,0,0,0,510,277,0,0,324,344,,,,0,0,0,0,0,0,,,
4.8.2,,,,0,3,520,380,0,0,265,279,0,0,215,341,0,0,,,,0,0,0,0,0,0,,,
4.8.3,,,,0,4,372,274,0,0,349,267,0,0,0,0,279,459,,,,0,0,0,0,0,0,,,
4.8.4,,,,0,5,0,0,610,600,0,0,213,200,0,0,177,200,,,,0,0,0,0,0,0,,,
4.8.5,,,,0,5,268,465,0,0,534,314,0,0,198,221,0,0,,,,0,0,0,0,0,0,,,
4.8.6,,,,0,5,0,0,360,596,181,202,0,0,459,202,0,0,,,,0,0,0,0,0,0,,,
4.9.1,,,,0,5,0,0,309,489,468,281,0,0,223,230,0,0,,,,0,0,0,0,0,0,,,
4.9.2,,,,0,4,0,0,490,410,322,321,0,0,0,0,188,269,,,,0,0,0,0,0,0,,,
4.9.3,,,,0,1,0,0,377,229,0,0,286,520,0,0,337,251,,,,0,0,0,0,0,0,,,
4.9.4,,,,0,4,0,0,445,201,234,286,0,0,321,513,0,0,,,,0,0,0,0,0,0,,,
4.9.5,,,,0,3,0,0,499,478,317,286,0,0,184,236,0,0,,,,0,0,0,0,0,0,,,
4.9.6,,,,0,1,0,0,260,288,0,0,310,363,430,349,0,0,,,,0,0,0,0,0,0,,,
5.1.1,,,,0,1,368,515,0,0,0,0,481,236,0,0,151,249,,,,0,0,0,0,0,0,,,
5.1.2,,,,0,1,0,0,658,372,177,271,0,0,165,357,0,0,,,,0,0,0,0,0,0,,,
5.1.3,,,,0,4,0,0,425,341,0,0,237,202,338,457,0,0,,,,0,0,0,0,0,0,,,
5.1.4,,,,0,4,666,327,0,0,0,0,164,450,170,223,0,0,,,,0,0,0,0,0,0,,,
5.1.5,,,,0,3,174,208,0,0,497,309,0,0,0,0,329,483,,,,0,0,0,0,0,0,,,
5.1.6,,,,0,1,653,581,0,0,0,0,156,209,191,210,0,0,,,,0,0,0,0,0,0,,,
5.2.1,,,,0,3,0,0,364,270,0,0,386,345,0,0,250,385,,,,0,0,0,0,0,0,,,
5.2.2,,,,0,4,306,360,0,0,502,335,0,0,0,0,192,305,,,,0,0,0,0,0,0,,,
5.2.3,,,,0,3,0,0,648,325,159,221,0,0,193,454,0,0,,,,0,0,0,0,0,0,,,
5.2.4,,,,0,5,0,0,579,386,0,0,150,253,0,0,271,361,,,,0,0,0,0,0,0,,,
5.2.5,,,,0,3,663,372,0,0,0,0,156,298,181,330,0,0,,,,0,0,0,0,0,0,,,
5.2.6,,,,0,1,315,555,0,0,0,0,156,209,0,0,529,236,,,,0,0,0,0,0,0,,,
5.3.1,,,,0,2,0,0,360,593,448,206,0,0,192,201,0,0,,,,0,0,0,0,0,0,,,
5.3.2,,,,0,5,0,0,639,359,0,0,201,291,0,0,160,350,,,,0,0,0,0,0,0,,,
5.3.3,,,,0,2,264,314,0,0,283,280,0,0,453,406,0,0,,,,0,0,0,0,0,0,,,
5.3.4,,,,0,1,0,0,491,332,0,0,314,329,0,0,195,339,,,,0,0,0,0,0,0,,,
5.3.5,,,,0,2,219,600,0,0,461,200,0,0,320,200,0,0,,,,0,0,0,0,0,0,,,
5.3.6,,,,0,4,0,0,263,421,340,297,0,0,0,0,397,282,,,,0,0,0,0,0,0,,,
5.4.1,,,,0,4,0,0,601,596,153,203,0,0,0,0,246,201,,,,0,0,0,0,0,0,,,
5.4.2,,,,0,3,0,0,683,285,0,0,156,337,0,0,161,378,,,,0,0,0,0,0,0,,,
5.4.3,,,,0,4,0,0,404,366,0,0,403,231,193,403,0,0,,,,0,0,0,0,0,0,,,
5.4.4,,,,0,1,516,489,0,0,0,0,262,210,0,0,222,301,,,,0,0,0,0,0,0,,,
5.4.5,,,,0,1,492,348,0,0,222,379,0,0,0,0,286,273,,,,0,0,0,0,0,0,,,
5.4.6,,,,0,4,0,0,273,485,0,0,342,302,385,213,0,0,,,,0,0,0,0,0,0,,,
5.5.1,,,,0,2,460,249,0,0,333,429,0,0,0,0,207,322,,,,0,0,0,0,0,0,,,
5.5.2,,,,0,5,647,230,0,0,193,319,0,0,0,0,160,451,,,,0,0,0,0,0,0,,,
5.5.3,,,,0,5,645,267,0,0,173,360,0,0,182,373,0,0,,,,0,0,0,0,0,0,,,
5.5.4,,,,0,2,244,320,0,0,269,316,0,0,487,364,0,0,,,,0,0,0,0,0,0,,,
5.5.5,,,,0,2,0,0,468,516,269,206,0,0,0,0,263,278,,,,0,0,0,0,0,0,,,
5.5.6,,,,0,2,657,571,0,0,0,0,176,200,167,229,0,0,,,,0,0,0,0,0,0,,,
5.6.1,,,,0,1,0,0,698,273,150,464,0,0,0,0,152,263,,,,0,0,0,0,0,0,,,
5.6.2,,,,0,4,164,394,0,0,0,0,586,302,0,0,250,304,,,,0,0,0,0,0,0,,,
5.6.3,,,,0,4,0,0,520,563,326,224,0,0,154,213,0,0,,,,0,0,0,0,0,0,,,
5.6.4,,,,0,3,0,0,171,491,657,257,0,0,0,0,172,252,,,,0,0,0,0,0,0,,,
5.6.5,,,,0,5,0,0,700,307,150,448,0,0,150,245,0,0,,,,0,0,0,0,0,0,,,
5.6.6,,,,0,5,0,0,258,413,0,0,208,344,534,243,0,0,,,,0,0,0,0,0,0,,,
5.7.1,,,,0,5,0,0,383,405,0,0,235,344,382,251,0,0,,,,0,0,0,0,0,0,,,
5.7.2,,,,0,4,644,217,0,0,170,455,0,0,0,0,186,328,,,,0,0,0,0,0,0,,,
5.7.3,,,,0,1,191,337,0,0,0,0,407,312,402,351,0,0,,,,0,0,0,0,0,0,,,
5.7.4,,,,0,4,0,0,629,547,204,245,0,0,0,0,167,208,,,,0,0,0,0,0,0,,,
5.7.5,,,,0,4,244,483,0,0,0,0,178,303,0,0,578,214,,,,0,0,0,0,0,0,,,
5.7.6,,,,0,1,266,571,0,0,0,0,569,203,0,0,165,226,,,,0,0,0,0,0,0,,,
5.8.1,,,,0,2,0,0,665,585,0,0,170,209,0,0,165,206,,,,0,0,0,0,0,0,,,
5.8.2,,,,0,3,0,0,362,281,0,0,190,258,0,0,448,461,,,,0,0,0,0,0,0,,,
5.8.3,,,,0,2,0,0,375,346,0,0,386,316,0,0,239,338,,,,0,0,0,0,0,0,,,
5.8.4,,,,0,3,318,207,0,0,0,0,480,294,202,499,0,0,,,,0,0,0,0,0,0,,,
5.8.5,,,,0,3,0,0,445,547,221,227,0,0,334,226,0,0,,,,0,0,0,0,0,0,,,
5.8.6,,,,0,5,639,459,0,0,208,238,0,0,0,0,153,303,,,,0,0,0,0,0,0,,,
5.9.1,,,,0,3,0,0,647,512,0,0,188,268,165,220,0,0,,,,0,0,0,0,0,0,,,
5.9.2,,,,0,2,0,0,690,515,0,0,152,266,158,219,0,0,,,,0,0,0,0,0,0,,,
5.9.3,,,,0,5,0,0,236,412,0,0,392,297,0,0,372,291,,,,0,0,0,0,0,0,,,
5.9.4,,,,0,3,616,449,0,0,0,0,233,253,151,298,0,0,,,,0,0,0,0,0,0,,,
5.9.5,,,,0,5,490,580,0,0,333,213,0,0,177,207,0,0,,,,0,0,0,0,0,0,,,
5.9.6,,,,0,1,0,0,168,557,305,228,0,0,527,215,0,0,,,,0,0,0,0,0,0,,,
6.1.1,,,,0,3,192,234,0,0,255,246,0,0,553,520,0,0,,,,0,0,0,0,0,0,,,
6.1.2,,,,0,3,480,475,0,0,0,0,361,215,159,310,0,0,,,,0,0,0,0,0,0,,,
6.1.3,,,,0,2,0,0,602,301,225,206,0,0,173,493,0,0,,,,0,0,0,0,0,0,,,
6.1.4,,,,0,1,382,567,0,0,0,0,459,213,159,220,0,0,,,,0,0,0,0,0,0,,,
6.1.5,,,,0,5,557,256,0,0,172,440,0,0,0,0,271,304,,,,0,0,0,0,0,0,,,
6.1.6,,,,0,2,551,440,0,0,276,204,0,0,0,0,173,356,,,,0,0,0,0,0,0,,,
6.2.1,,,,0,1,373,454,0,0,319,314,0,0,308,232,0,0,,,,0,0,0,0,0,0,,,
6.2.2,,,,0,1,0,0,536,292,0,0,227,336,237,372,0,0,,,,0,0,0,0,0,0,,,
6.2.3,,,,0,3,0,0,196,307,504,418,0,0,300,275,0,0,,,,0,0,0,0,0,0,,,
6.2.4,,,,0,2,0,0,357,254,270,529,0,0,373,217,0,0,,,,0,0,0,0,0,0,,,
6.2.5,,,,0,1,552,569,0,0,0,0,190,220,0,0,258,211,,,,0,0,0,0,0,0,,,
6.2.6,,,,0,3,383,405,0,0,0,0,273,210,344,385,0,0,,,,0,0,0,0,0,0,,,
6.3.1,,,,0,5,0,0,581,585,0,0,152,205,267,210,0,0,,,,0,0,0,0,0,0,,,
6.3.2,,,,0,1,0,0,571,273,0,0,246,377,183,350,0,0,,,,0,0,0,0,0,0,,,
6.3.3,,,,0,4,0,0,169,560,0,0,589,221,242,219,0,0,,,,0,0,0,0,0,0,,,
6.3.4,,,,0,1,301,371,0,0,0,0,520,280,0,0,179,349,,,,0,0,0,0,0,0,,,
6.3.5,,,,0,1,156,250,0,0,0,0,209,390,635,360,0,0,,,,0,0,0,0,0,0,,,
6.3.6,,,,0,1,532,343,0,0,170,267,0,0,0,0,298,390,,,,0,0,0,0,0,0,,,
6.4.1,,,,0,4,0,0,326,276,217,294,0,0,457,430,0,0,,,,0,0,0,0,0,0,,,
6.4.2,,,,0,3,586,556,0,0,0,0,195,206,219,238,0,0,,,,0,0,0,0,0,0,,,
6.4.3,,,,0,4,0,0,567,423,265,245,0,0,0,0,168,332,,,,0,0,0,0,0,0,,,
6.4.4,,,,0,3,307,320,0,0,0,0,437,213,256,467,0,0,,,,0,0,0,0,0,0,,,
6.4.5,,,,0,2,455,577,0,0,0,0,265,214,280,209,0,0,,,,0,0,0,0,0,0,,,
6.4.6,,,,0,2,0,0,493,580,0,0,193,210,0,0,314,210,,,,0,0,0,0,0,0,,,
6.5.1,,,,0,1,157,544,0,0,0,0,580,204,0,0,263,252,,,,0,0,0,0,0,0,,,
6.5.2,,,,0,4,0,0,304,447,0,0,356,299,0,0,340,254,,,,0,0,0,0,0,0,,,
6.5.3,,,,0,4,0,0,316,391,154,328,0,0,0,0,530,281,,,,0,0,0,0,0,0,,,
6.5.4,,,,0,3,191,432,0,0,0,0,618,364,191,204,0,0,,,,0,0,0,0,0,0,,,
6.5.5,,,,0,1,210,571,0,0,0,0,202,211,588,218,0,0,,,,0,0,0,0,0,0,,,
6.5.6,,,,0,1,0,0,170,492,480,217,0,0,0,0,350,291,,,,0,0,0,0,0,0,,,
6.6.1,,,,0,3,0,0,302,382,0,0,406,351,292,267,0,0,,,,0,0,0,0,0,0,,,
6.6.2,,,,0,4,343,511,0,0,0,0,175,288,0,0,482,201,,,,0,0,0,0,0,0,,,
6.6.3,,,,0,5,0,0,451,443,207,220,0,0,0,0,342,337,,,,0,0,0,0,0,0,,,
6.6.4,,,,0,2,0,0,325,216,229,213,0,0,0,0,446,571,,,,0,0,0,0,0,0,,,
6.6.5,,,,0,1,595,522,0,0,0,0,178,210,0,0,227,268,,,,0,0,0,0,0,0,,,
6.6.6,,,,0,4,0,0,278,325,0,0,396,381,326,294,0,0,,,,0,0,0,0,0,0,,,
6.7.1,,,,0,4,232,446,0,0,0,0,352,247,0,0,416,307,,,,0,0,0,0,0,0,,,
6.7.2,,,,0,3,246,386,0,0,0,0,441,344,313,270,0,0,,,,0,0,0,0,0,0,,,
6.7.3,,,,0,3,0,0,597,324,0,0,154,278,0,0,249,398,,,,0,0,0,0,0,0,,,
6.7.4,,,,0,2,0,0,272,436,452,291,0,0,276,273,0,0,,,,0,0,0,0,0,0,,,
6.7.5,,,,0,3,0,0,437,234,299,504,0,0,0,0,264,262,,,,0,0,0,0,0,0,,,
6.7.6,,,,0,3,0,0,184,227,407,525,0,0,0,0,409,248,,,,0,0,0,0,0,0,,,
6.8.1,,,,0,5,312,455,0,0,467,248,0,0,221,297,0,0,,,,0,0,0,0,0,0,,,
6.8.2,,,,0,2,0,0,553,487,238,225,0,0,0,0,209,288,,,,0,0,0,0,0,0,,,
6.8.3,,,,0,3,0,0,285,555,497,205,0,0,0,0,218,240,,,,0,0,0,0,0,0,,,
6.8.4,,,,0,3,186,231,0,0,0,0,419,550,395,219,0,0,,,,0,0,0,0,0,0,,,
6.8.5,,,,0,3,0,0,210,278,561,437,0,0,0,0,229,285,,,,0,0,0,0,0,0,,,
6.8.6,,,,0,5,388,419,0,0,153,307,0,0,459,274,0,0,,,,0,0,0,0,0,0,,,
6.9.1,,,,0,2,0,0,199,325,0,0,181,465,620,210,0,0,,,,0,0,0,0,0,0,,,
6.9.2,,,,0,2,0,0,206,455,0,0,252,215,0,0,542,330,,,,0,0,0,0,0,0,,,
6.9.3,,,,0,2,0,0,314,544,0,0,498,227,188,229,0,0,,,,0,0,0,0,0,0,,,
6.9.4,,,,0,1,700,385,0,0,150,326,0,0,0,0,150,289,,,,0,0,0,0,0,0,,,
6.9.5,,,,0,2,0,0,157,427,254,254,0,0,0,0,589,319,,,,0,0,0,0,0,0,,,
6.9.6,,,,0,2,0,0,159,429,164,331,0,0,0,0,677,240,,,,0,0,0,0,0,0,,,
7.1.1,,,,0,1,321,530,0,0,0,0,229,251,0,0,450,219,,,,0,0,0,0,0,0,,,
7.1.2,,,,0,4,0,0,285,238,0,0,270,521,0,0,445,241,,,,0,0,0,0,0,0,,,
7.1.3,,,,0,4,0,0,319,438,0,0,387,342,294,220,0,0,,,,0,0,0,0,0,0,,,
7.1.4,,,,0,5,0,0,549,554,0,0,250,225,201,221,0,0,,,,0,0,0,0,0,0,,,
7.1.5,,,,0,1,386,503,0,0,324,262,0,0,290,235,0,0,,,,0,0,0,0,0,0,,,
7.1.6,,,,0,2,0,0,415,238,196,308,0,0,389,454,0,0,,,,0,0,0,0,0,0,,,
7.2.1,,,,0,4,0,0,427,330,300,438,0,0,0,0,273,232,,,,0,0,0,0,0,0,,,
7.2.2,,,,0,2,0,0,165,538,0,0,392,210,443,252,0,0,,,,0,0,0,0,0,0,,,
7.2.3,,,,0,4,526,232,0,0,299,328,0,0,0,0,175,440,,,,0,0,0,0,0,0,,,
7.2.4,,,,0,1,547,459,0,0,158,306,0,0,0,0,295,235,,,,0,0,0,0,0,0,,,
7.2.5,,,,0,4,657,462,0,0,0,0,157,338,186,200,0,0,,,,0,0,0,0,0,0,,,
7.2.6,,,,0,2,543,356,0,0,0,0,282,294,0,0,175,350,,,,0,0,0,0,0,0,,,
7.3.1,,,,0,5,517,566,0,0,311,229,0,0,172,205,0,0,,,,0,0,0,0,0,0,,,
7.3.2,,,,0,1,0,0,343,518,0,0,194,213,0,0,463,269,,,,0,0,0,0,0,0,,,
7.3.3,,,,0,3,0,0,667,383,0,0,160,235,173,382,0,0,,,,0,0,0,0,0,0,,,
7.3.4,,,,0,4,410,381,0,0,243,402,0,0,347,217,0,0,,,,0,0,0,0,0,0,,,
7.3.5,,,,0,4,482,255,0,0,185,424,0,0,0,0,333,321,,,,0,0,0,0,0,0,,,
7.3.6,,,,0,3,0,0,179,334,0,0,608,309,0,0,213,357,,,,0,0,0,0,0,0,,,
7.4.1,,,,0,4,676,387,0,0,160,210,0,0,0,0,164,403,,,,0,0,0,0,0,0,,,
7.4.2,,,,0,5,566,210,0,0,0,0,259,455,175,335,0,0,,,,0,0,0,0,0,0,,,
7.4.3,,,,0,5,315,397,0,0,0,0,306,268,379,335,0,0,,,,0,0,0,0,0,0,,,
7.4.4,,,,0,3,228,438,0,0,495,203,0,0,0,0,277,359,,,,0,0,0,0,0,0,,,
7.4.5,,,,0,4,509,485,0,0,237,240,0,0,0,0,254,275,,,,0,0,0,0,0,0,,,
7.4.6,,,,0,1,430,546,0,0,337,218,0,0,0,0,233,236,,,,0,0,0,0,0,0,,,
7.5.1,,,,0,5,679,293,0,0,171,379,0,0,150,328,0,0,,,,0,0,0,0,0,0,,,
7.5.2,,,,0,4,182,261,0,0,330,244,0,0,0,0,488,495,,,,0,0,0,0,0,0,,,
7.5.3,,,,0,3,0,0,554,440,0,0,176,214,0,0,270,346,,,,0,0,0,0,0,0,,,
7.5.4,,,,0,4,0,0,610,567,0,0,217,225,0,0,173,208,,,,0,0,0,0,0,0,,,
7.5.5,,,,0,1,0,0,310,268,0,0,170,283,520,449,0,0,,,,0,0,0,0,0,0,,,
7.5.6,,,,0,4,218,313,0,0,0,0,516,235,0,0,266,452,,,,0,0,0,0,0,0,,,
7.6.1,,,,0,2,474,385,0,0,0,0,328,260,198,355,0,0,,,,0,0,0,0,0,0,,,
7.6.2,,,,0,2,155,216,0,0,556,208,0,0,0,0,289,576,,,,0,0,0,0,0,0,,,
7.6.3,,,,0,5,0,0,401,246,0,0,409,221,190,533,0,0,,,,0,0,0,0,0,0,,,
7.6.4,,,,0,4,208,471,0,0,639,256,0,0,153,273,0,0,,,,0,0,0,0,0,0,,,
7.6.5,,,,0,3,0,0,429,432,0,0,281,285,0,0,290,283,,,,0,0,0,0,0,0,,,
7.6.6,,,,0,1,0,0,658,579,172,204,0,0,0,0,170,217,,,,0,0,0,0,0,0,,,
7.7.1,,,,0,2,609,594,0,0,175,203,0,0,216,203,0,0,,,,0,0,0,0,0,0,,,
7.7.2,,,,0,5,699,243,0,0,151,324,0,0,0,0,150,433,,,,0,0,0,0,0,0,,,
7.7.3,,,,0,1,0,0,199,426,540,264,0,0,261,310,0,0,,,,0,0,0,0,0,0,,,
7.7.4,,,,0,1,0,0,228,407,0,0,401,219,371,374,0,0,,,,0,0,0,0,0,0,,,
7.7.5,,,,0,5,0,0,598,265,0,0,214,243,188,492,0,0,,,,0,0,0,0,0,0,,,
7.7.6,,,,0,3,424,335,0,0,0,0,382,352,194,313,0,0,,,,0,0,0,0,0,0,,,
7.8.1,,,,0,4,348,218,0,0,226,524,0,0,0,0,426,258,,,,0,0,0,0,0,0,,,
7.8.2,,,,0,5,342,462,0,0,0,0,409,219,0,0,249,319,,,,0,0,0,0,0,0,,,
7.8.3,,,,0,1,0,0,662,485,157,214,0,0,0,0,181,301,,,,0,0,0,0,0,0,,,
7.8.4,,,,0,1,563,312,0,0,287,312,0,0,150,376,0,0,,,,0,0,0,0,0,0,,,
7.8.5,,,,0,3,254,228,0,0,0,0,590,206,156,566,0,0,,,,0,0,0,0,0,0,,,
7.8.6,,,,0,4,229,241,0,0,412,549,0,0,359,210,0,0,,,,0,0,0,0,0,0,,,
7.9.1,,,,0,2,693,399,0,0,0,0,154,210,0,0,153,391,,,,0,0,0,0,0,0,,,
7.9.2,,,,0,5,0,0,194,318,376,386,0,0,0,0,430,296,,,,0,0,0,0,0,0,,,
7.9.3,,,,0,1,464,233,0,0,0,0,162,527,374,240,0,0,,,,0,0,0,0,0,0,,,
7.9.4,,,,0,1,395,210,0,0,0,0,411,576,0,0,194,214,,,,0,0,0,0,0,0,,,
7.9.5,,,,0,5,576,374,0,0,0,0,259,309,0,0,165,317,,,,0,0,0,0,0,0,,,
7.9.6,,,,0,3,0,0,346,287,423,265,0,0,231,448,0,0,,,,0,0,0,0,0,0,,,
8.1.1,,,,0,3,0,0,384,589,256,200,0,0,360,211,0,0,,,,0,0,0,0,0,0,,,
8.1.2,,,,0,4,0,0,150,431,198,262,0,0,652,307,0,0,,,,0,0,0,0,0,0,,,
8.1.3,,,,0,5,403,467,0,0,0,0,323,295,274,238,0,0,,,,0,0,0,0,0,0,,,
8.1.4,,,,0,5,0,0,258,534,213,208,0,0,0,0,529,258,,,,0,0,0,0,0,0,,,
8.1.5,,,,0,3,451,452,0,0,0,0,283,221,0,0,266,327,,,,0,0,0,0,0,0,,,
8.1.6,,,,0,1,540,372,0,0,207,353,0,0,0,0,253,275,,,,0,0,0,0,0,0,,,
8.2.1,,,,0,1,0,0,307,500,537,231,0,0,156,269,0,0,,,,0,0,0,0,0,0,,,
8.2.2,,,,0,3,314,261,0,0,392,341,0,0,294,398,0,0,,,,0,0,0,0,0,0,,,
8.2.3,,,,0,1,0,0,433,490,0,0,414,217,0,0,153,293,,,,0,0,0,0,0,0,,,
8.2.4,,,,0,3,0,0,590,272,0,0,162,282,248,446,0,0,,,,0,0,0,0,0,0,,,
8.2.5,,,,0,3,0,0,391,201,0,0,412,516,197,283,0,0,,,,0,0,0,0,0,0,,,
8.2.6,,,,0,4,470,500,0,0,356,232,0,0,174,268,0,0,,,,0,0,0,0,0,0,,,
8.3.1,,,,0,5,0,0,162,597,0,0,466,203,0,0,372,200,,,,0,0,0,0,0,0,,,
8.3.2,,,,0,4,0,0,453,574,258,222,0,0,0,0,289,204,,,,0,0,0,0,0,0,,,
8.3.3,,,,0,2,427,270,0,0,306,206,0,0,267,524,0,0,,,,0,0,0,0,0,0,,,
8.3.4,,,,0,2,699,221,0,0,0,0,151,264,150,515,0,0,,,,0,0,0,0,0,0,,,
8.3.5,,,,0,1,0,0,670,250,0,0,161,415,0,0,169,335,,,,0,0,0,0,0,0,,,
8.3.6,,,,0,1,181,237,0,0,664,524,0,0,155,239,0,0,,,,0,0,0,0,0,0,,,
8.4.1,,,,0,3,251,525,0,0,0,0,412,249,0,0,337,226,,,,0,0,0,0,0,0,,,
8.4.2,,,,0,3,0,0,586,463,262,200,0,0,152,337,0,0,,,,0,0,0,0,0,0,,,
8.4.3,,,,0,1,159,269,0,0,0,0,500,238,341,493,0,0,,,,0,0,0,0,0,0,,,
8.4.4,,,,0,1,661,367,0,0,0,0,177,329,0,0,162,304,,,,0,0,0,0,0,0,,,
8.4.5,,,,0,1,254,384,0,0,535,338,0,0,211,278,0,0,,,,0,0,0,0,0,0,,,
8.4.6,,,,0,3,0,0,675,563,0,0,154,217,0,0,171,220,,,,0,0,0,0,0,0,,,
8.5.1,,,,0,4,562,558,0,0,224,223,0,0,214,219,0,0,,,,0,0,0,0,0,0,,,
8.5.2,,,,0,1,628,428,0,0,0,0,209,367,163,205,0,0,,,,0,0,0,0,0,0,,,
8.5.3,,,,0,3,0,0,681,314,0,0,153,289,0,0,166,397,,,,0,0,0,0,0,0,,,
8.5.4,,,,0,5,0,0,316,556,312,238,0,0,372,206,0,0,,,,0,0,0,0,0,0,,,
8.5.5,,,,0,2,0,0,536,363,0,0,265,426,199,211,0,0,,,,0,0,0,0,0,0,,,
8.5.6,,,,0,5,331,548,0,0,0,0,388,205,281,247,0,0,,,,0,0,0,0,0,0,,,
8.6.1,,,,0,3,322,362,0,0,0,0,234,310,0,0,444,328,,,,0,0,0,0,0,0,,,
8.6.2,,,,0,2,643,461,0,0,198,201,0,0,159,338,0,0,,,,0,0,0,0,0,0,,,
8.6.3,,,,0,3,274,497,0,0,0,0,396,298,330,205,0,0,,,,0,0,0,0,0,0,,,
8.6.4,,,,0,4,382,519,0,0,0,0,174,264,444,217,0,0,,,,0,0,0,0,0,0,,,
8.6.5,,,,0,2,0,0,382,200,0,0,399,255,219,545,0,0,,,,0,0,0,0,0,0,,,
8.6.6,,,,0,2,0,0,301,569,0,0,469,200,0,0,230,231,,,,0,0,0,0,0,0,,,
8.7.1,,,,0,1,0,0,451,394,0,0,324,376,0,0,225,230,,,,0,0,0,0,0,0,,,
8.7.2,,,,0,4,0,0,592,431,162,290,0,0,246,279,0,0,,,,0,0,0,0,0,0,,,
8.7.3,,,,0,1,501,596,0,0,0,0,241,200,0,0,258,204,,,,0,0,0,0,0,0,,,
8.7.4,,,,0,3,326,457,0,0,0,0,452,324,0,0,222,219,,,,0,0,0,0,0,0,,,
8.7.5,,,,0,2,0,0,455,441,0,0,186,282,0,0,359,277,,,,0,0,0,0,0,0,,,
8.7.6,,,,0,2,0,0,489,346,0,0,167,219,344,435,0,0,,,,0,0,0,0,0,0,,,
8.8.1,,,,0,4,0,0,694,348,150,377,0,0,0,0,156,275,,,,0,0,0,0,0,0,,,
8.8.2,,,,0,3,264,410,0,0,0,0,332,264,404,326,0,0,,,,0,0,0,0,0,0,,,
8.8.3,,,,0,4,198,254,0,0,0,0,466,461,0,0,336,285,,,,0,0,0,0,0,0,,,
8.8.4,,,,0,4,194,291,0,0,0,0,229,205,0,0,577,504,,,,0,0,0,0,0,0,,,
8.8.5,,,,0,5,0,0,271,302,0,0,160,471,569,227,0,0,,,,0,0,0,0,0,0,,,
8.8.6,,,,0,3,0,0,307,597,472,203,0,0,221,200,0,0,,,,0,0,0,0,0,0,,,
8.9.1,,,,0,2,0,0,487,345,0,0,225,402,0,0,288,253,,,,0,0,0,0,0,0,,,
8.9.2,,,,0,4,225,445,0,0,500,257,0,0,0,0,275,298,,,,0,0,0,0,0,0,,,
8.9.3,,,,0,4,0,0,570,441,259,206,0,0,0,0,171,353,,,,0,0,0,0,0,0,,,
8.9.4,,,,0,3,429,544,0,0,307,211,0,0,0,0,264,245,,,,0,0,0,0,0,0,,,
8.9.5,,,,0,5,283,359,0,0,245,403,0,0,0,0,472,238,,,,0,0,0,0,0,0,,,
8.9.6,,,,0,2,579,539,0,0,229,209,0,0,0,0,192,252,,,,0,0,0,0,0,0,,,
9.1.1,,,,0,2,680,274,0,0,0,0,166,407,0,0,154,319,,,,0,0,0,0,0,0,,,
9.1.2,,,,0,2,691,273,0,0,159,206,0,0,0,0,150,521,,,,0,0,0,0,0,0,,,
9.1.3,,,,0,2,479,212,0,0,192,485,0,0,0,0,329,303,,,,0,0,0,0,0,0,,,
9.1.4,,,,0,3,264,446,0,0,0,0,582,320,154,234,0,0,,,,0,0,0,0,0,0,,,
9.1.5,,,,0,5,0,0,283,379,0,0,322,414,395,207,0,0,,,,0,0,0,0,0,0,,,
9.1.6,,,,0,2,693,521,0,0,0,0,156,249,0,0,151,230,,,,0,0,0,0,0,0,,,
9.2.1,,,,0,4,0,0,679,303,154,407,0,0,0,0,167,290,,,,0,0,0,0,0,0,,,
9.2.2,,,,0,3,0,0,479,502,230,239,0,0,291,259,0,0,,,,0,0,0,0,0,0,,,
9.2.3,,,,0,5,0,0,237,347,0,0,544,274,219,379,0,0,,,,0,0,0,0,0,0,,,
9.2.4,,,,0,5,433,206,0,0,0,0,375,381,0,0,192,413,,,,0,0,0,0,0,0,,,
9.2.5,,,,0,5,0,0,697,557,151,238,0,0,152,205,0,0,,,,0,0,0,0,0,0,,,
9.2.6,,,,0,4,241,288,0,0,596,284,0,0,0,0,163,428,,,,0,0,0,0,0,0,,,
9.3.1,,,,0,4,277,583,0,0,0,0,326,200,0,0,397,217,,,,0,0,0,0,0,0,,,
9.3.2,,,,0,1,0,0,629,580,151,217,0,0,220,203,0,0,,,,0,0,0,0,0,0,,,
9.3.3,,,,0,3,558,412,0,0,202,354,0,0,0,0,240,234,,,,0,0,0,0,0,0,,,
9.3.4,,,,0,4,0,0,330,202,427,335,0,0,243,463,0,0,,,,0,0,0,0,0,0,,,
9.3.5,,,,0,5,349,494,0,0,0,0,257,235,0,0,394,271,,,,0,0,0,0,0,0,,,
9.3.6,,,,0,5,554,222,0,0,0,0,210,553,236,225,0,0,,,,0,0,0,0,0,0,,,
9.4.1,,,,0,1,597,343,0,0,197,369,0,0,206,288,0,0,,,,0,0,0,0,0,0,,,
9.4.2,,,,0,1,593,361,0,0,168,334,0,0,0,0,239,305,,,,0,0,0,0,0,0,,,
9.4.3,,,,0,3,0,0,674,454,155,338,0,0,0,0,171,208,,,,0,0,0,0,0,0,,,
9.4.4,,,,0,5,0,0,415,291,0,0,262,330,323,379,0,0,,,,0,0,0,0,0,0,,,
9.4.5,,,,0,4,299,581,0,0,453,209,0,0,248,210,0,0,,,,0,0,0,0,0,0,,,
9.4.6,,,,0,5,0,0,290,363,0,0,270,271,0,0,440,366,,,,0,0,0,0,0,0,,,
9.5.1,,,,0,4,0,0,210,556,530,211,0,0,0,0,260,233,,,,0,0,0,0,0,0,,,
9.5.2,,,,0,1,532,447,0,0,0,0,232,248,236,305,0,0,,,,0,0,0,0,0,0,,,
9.5.3,,,,0,4,241,557,0,0,374,204,0,0,385,239,0,0,,,,0,0,0,0,0,0,,,
9.5.4,,,,0,2,0,0,467,556,0,0,326,235,207,209,0,0,,,,0,0,0,0,0,0,,,
9.5.5,,,,0,5,320,365,0,0,297,340,0,0,383,295,0,0,,,,0,0,0,0,0,0,,,
9.5.6,,,,0,2,503,296,0,0,243,498,0,0,0,0,254,206,,,,0,0,0,0,0,0,,,
9.6.1,,,,0,1,558,477,0,0,0,0,277,311,165,212,0,0,,,,0,0,0,0,0,0,,,
9.6.2,,,,0,5,484,458,0,0,348,272,0,0,168,270,0,0,,,,0,0,0,0,0,0,,,
9.6.3,,,,0,5,546,342,0,0,0,0,208,277,246,381,0,0,,,,0,0,0,0,0,0,,,
9.6.4,,,,0,2,0,0,590,543,220,241,0,0,190,216,0,0,,,,0,0,0,0,0,0,,,
9.6.5,,,,0,3,390,247,0,0,186,425,0,0,0,0,424,328,,,,0,0,0,0,0,0,,,
9.6.6,,,,0,3,259,596,0,0,0,0,208,202,0,0,533,202,,,,0,0,0,0,0,0,,,
9.7.1,,,,0,2,0,0,697,430,153,245,0,0,150,325,0,0,,,,0,0,0,0,0,0,,,
9.7.2,,,,0,2,619,580,0,0,184,204,0,0,0,0,197,216,,,,0,0,0,0,0,0,,,
9.7.3,,,,0,2,699,394,0,0,0,0,150,252,0,0,151,354,,,,0,0,0,0,0,0,,,
9.7.4,,,,0,5,651,205,0,0,0,0,179,295,170,500,0,0,,,,0,0,0,0,0,0,,,
9.7.5,,,,0,3,436,594,0,0,0,0,395,202,0,0,169,204,,,,0,0,0,0,0,0,,,
9.7.6,,,,0,1,262,255,0,0,347,372,0,0,0,0,391,373,,,,0,0,0,0,0,0,,,
9.8.1,,,,0,4,0,0,425,204,0,0,228,280,347,516,0,0,,,,0,0,0,0,0,0,,,
9.8.2,,,,0,2,0,0,600,283,0,0,155,251,0,0,245,466,,,,0,0,0,0,0,0,,,
9.8.3,,,,0,3,0,0,368,494,0,0,454,242,178,264,0,0,,,,0,0,0,0,0,0,,,
9.8.4,,,,0,2,489,478,0,0,178,260,0,0,0,0,333,262,,,,0,0,0,0,0,0,,,
9.8.5,,,,0,5,0,0,363,572,0,0,258,211,379,217,0,0,,,,0,0,0,0,0,0,,,
9.8.6,,,,0,1,239,447,0,0,389,320,0,0,0,0,372,233,,,,0,0,0,0,0,0,,,
9.9.1,,,,0,3,0,0,224,552,375,203,0,0,401,245,0,0,,,,0,0,0,0,0,0,,,
9.9.2,,,,0,1,452,513,0,0,319,257,0,0,0,0,229,230,,,,0,0,0,0,0,0,,,
9.9.3,,,,0,1,0,0,679,258,159,492,0,0,0,0,162,250,,,,0,0,0,0,0,0,,,
9.9.4,,,,0,1,0,0,179,528,297,209,0,0,524,263,0,0,,,,0,0,0,0,0,0,,,
9.9.5,,,,0,4,0,0,217,235,0,0,356,345,0,0,427,420,,,,0,0,0,0,0,0,,,
9.9.6,,,,0,1,0,0,597,220,201,494,0,0,202,286,0,0,,,,0,0,0,0,0,0,,,
sp1.1,,,,0,2,0,0,592,371,0,0,169,403,239,226,0,0,,,,0,0,0,0,0,0,,,
sp1.2,,,,0,2,236,454,0,0,0,0,542,323,0,0,222,223,,,,0,0,0,0,0,0,,,
sp1.3,,,,0,5,204,467,0,0,298,262,0,0,0,0,498,271,,,,0,0,0,0,0,0,,,
sp1.4,,,,0,3,0,0,228,456,0,0,222,254,0,0,550,290,,,,0,0,0,0,0,0,,,
sp1.5,,,,0,5,697,291,0,0,0,0,150,450,153,259,0,0,,,,0,0,0,0,0,0,,,
sp1.6,,,,0,3,0,0,313,338,0,0,235,338,0,0,452,324,,,,0,0,0,0,0,0,,,
sp1.7,,,,0,3,160,406,0,0,0,0,272,382,568,212,0,0,,,,0,0,0,0,0,0,,,
sp1.8,,,,0,4,0,0,431,269,341,368,0,0,228,363,0,0,,,,0,0,0,0,0,0,,,
sp1.9,,,,0,4,190,275,0,0,0,0,507,455,303,270,0,0,,,,0,0,0,0,0,0,,,
sp2.1,,,,0,2,199,355,0,0,0,0,416,399,0,0,385,246,,,,0,0,0,0,0,0,,,
sp2.2,,,,0,2,238,396,0,0,0,0,491,221,271,383,0,0,,,,0,0,0,0,0,0,,,
sp2.3,,,,0,1,486,364,0,0,253,374,0,0,0,0,261,262,,,,0,0,0,0,0,0,,,
sp2.4,,,,0,3,549,386,0,0,0,0,299,269,152,345,0,0,,,,0,0,0,0,0,0,,,
sp2.5,,,,0,1,342,487,0,0,313,201,0,0,345,312,0,0,,,,0,0,0,0,0,0,,,
sp2.6,,,,0,2,0,0,235,461,0,0,239,267,0,0,526,272,,,,0,0,0,0,0,0,,,
sp2.7,,,,0,5,323,508,0,0,0,0,440,262,0,0,237,230,,,,0,0,0,0,0,0,,,
sp2.8,,,,0,2,0,0,299,294,0,0,316,291,0,0,385,415,,,,0,0,0,0,0,0,,,
sp2.9,,,,0,3,210,441,0,0,553,215,0,0,0,0,237,344,,,,0,0,0,0,0,0,,,
sp3.1,,,,0,1,0,0,318,567,486,203,0,0,196,230,0,0,,,,0,0,0,0,0,0,,,
sp3.2,,,,0,4,300,546,0,0,0,0,254,254,0,0,446,200,,,,0,0,0,0,0,0,,,
sp3.3,,,,0,4,0,0,258,457,0,0,166,216,576,327,0,0,,,,0,0,0,0,0,0,,,
sp3.4,,,,0,2,689,501,0,0,156,280,0,0,155,219,0,0,,,,0,0,0,0,0,0,,,
sp3.5,,,,0,1,193,410,0,0,611,308,0,0,196,282,0,0,,,,0,0,0,0,0,0,,,
sp3.6,,,,0,2,0,0,549,345,0,0,276,276,175,379,0,0,,,,0,0,0,0,0,0,,,
sp3.7,,,,0,2,697,585,0,0,152,211,0,0,0,0,151,204,,,,0,0,0,0,0,0,,,
sp3.8,,,,0,2,0,0,636,593,192,204,0,0,172,203,0,0,,,,0,0,0,0,0,0,,,
sp3.9,,,,0,3,0,0,151,496,492,238,0,0,0,0,357,266,,,,0,0,0,0,0,0,,,
sp4.1,,,,0,2,215,204,0,0,403,429,0,0,0,0,382,367,,,,0,0,0,0,0,0,,,
sp4.2,,,,0,3,401,499,0,0,444,246,0,0,0,0,155,255,,,,0,0,0,0,0,0,,,
sp4.3,,,,0,4,0,0,605,569,0,0,187,222,0,0,208,209,,,,0,0,0,0,0,0,,,
sp4.4,,,,0,4,270,260,0,0,0,0,538,249,0,0,192,491,,,,0,0,0,0,0,0,,,
sp4.5,,,,0,1,0,0,453,414,0,0,279,227,0,0,268,359,,,,0,0,0,0,0,0,,,
sp4.6,,,,0,4,0,0,491,504,0,0,249,216,260,280,0,0,,,,0,0,0,0,0,0,,,
sp4.7,,,,0,1,229,472,0,0,0,0,462,216,309,312,0,0,,,,0,0,0,0,0,0,,,
sp4.8,,,,0,2,0,0,491,417,0,0,240,295,269,288,0,0,,,,0,0,0,0,0,0,,,
sp4.9,,,,0,2,338,410,0,0,216,209,0,0,0,0,446,381,,,,0,0,0,0,0,0,,,
sp5.1,,,,0,4,498,495,0,0,0,0,225,237,0,0,277,268,,,,0,0,0,0,0,0,,,
sp5.2,,,,0,3,0,0,624,512,0,0,187,226,0,0,189,262,,,,0,0,0,0,0,0,,,
sp5.3,,,,0,5,0,0,602,462,195,210,0,0,203,328,0,0,,,,0,0,0,0,0,0,,,
sp5.4,,,,0,1,0,0,498,415,0,0,345,317,0,0,157,268,,,,0,0,0,0,0,0,,,
sp5.5,,,,0,5,297,574,0,0,378,211,0,0,0,0,325,215,,,,0,0,0,0,0,0,,,
sp5.6,,,,0,2,0,0,682,312,159,284,0,0,0,0,159,404,,,,0,0,0,0,0,0,,,
sp5.7,,,,0,1,555,535,0,0,0,0,245,258,0,0,200,207,,,,0,0,0,0,0,0,,,
sp5.8,,,,0,4,315,446,0,0,442,279,0,0,243,275,0,0,,,,0,0,0,0,0,0,,,
sp5.9,,,,0,2,0,0,444,355,0,0,200,239,0,0,356,406,,,,0,0,0,0,0,0,,,
sp6.1,,,,0,2,273,207,0,0,0,0,466,208,0,0,261,585,,,,0,0,0,0,0,0,,,
sp6.2,,,,0,5,0,0,512,519,298,267,0,0,0,0,190,214,,,,0,0,0,0,0,0,,,
sp6.3,,,,0,1,672,254,0,0,167,230,0,0,161,516,0,0,,,,0,0,0,0,0,0,,,
sp6.4,,,,0,3,0,0,620,423,159,312,0,0,0,0,221,265,,,,0,0,0,0,0,0,,,
sp6.5,,,,0,1,0,0,261,368,415,208,0,0,0,0,324,424,,,,0,0,0,0,0,0,,,
sp6.6,,,,0,2,598,274,0,0,235,325,0,0,0,0,167,401,,,,0,0,0,0,0,0,,,
sp6.7,,,,0,1,0,0,581,233,201,565,0,0,218,202,0,0,,,,0,0,0,0,0,0,,,
sp6.8,,,,0,3,0,0,537,563,0,0,211,231,0,0,252,206,,,,0,0,0,0,0,0,,,
sp6.9,,,,0,5,0,0,289,389,368,403,0,0,343,208,0,0,,,,0,0,0,0,0,0,,,
sp7.1,,,,0,3,0,0,589,322,0,0,194,318,0,0,217,360,,,,0,0,0,0,0,0,,,
sp7.2,,,,0,1,424,286,0,0,0,0,391,217,0,0,185,497,,,,0,0,0,0,0,0,,,
sp7.3,,,,0,3,0,0,593,460,170,258,0,0,0,0,237,282,,,,0,0,0,0,0,0,,,
sp7.4,,,,0,1,231,420,0,0,548,329,0,0,221,251,0,0,,,,0,0,0,0,0,0,,,
sp7.5,,,,0,3,0,0,452,262,374,260,0,0,174,478,0,0,,,,0,0,0,0,0,0,,,
sp7.6,,,,0,5,629,490,0,0,180,263,0,0,0,0,191,247,,,,0,0,0,0,0,0,,,
sp7.7,,,,0,5,0,0,681,449,0,0,157,237,0,0,162,314,,,,0,0,0,0,0,0,,,
sp7.8,,,,0,5,550,326,0,0,0,0,262,234,188,440,0,0,,,,0,0,0,0,0,0,,,
sp7.9,,,,0,3,0,0,318,447,175,266,0,0,0,0,507,287,,,,0,0,0,0,0,0,,,
sp8.1,,,,0,2,565,398,0,0,181,336,0,0,0,0,254,266,,,,0,0,0,0,0,0,,,
sp8.2,,,,0,5,365,440,0,0,484,322,0,0,0,0,151,238,,,,0,0,0,0,0,0,,,
sp8.3,,,,0,4,0,0,614,459,0,0,221,263,0,0,165,278,,,,0,0,0,0,0,0,,,
sp8.4,,,,0,3,0,0,587,355,247,426,0,0,0,0,166,219,,,,0,0,0,0,0,0,,,
sp8.5,,,,0,1,354,455,0,0,428,276,0,0,0,0,218,269,,,,0,0,0,0,0,0,,,
sp8.6,,,,0,4,510,314,0,0,0,0,266,390,0,0,224,296,,,,0,0,0,0,0,0,,,
sp8.7,,,,0,3,612,593,0,0,0,0,180,206,208,201,0,0,,,,0,0,0,0,0,0,,,
sp8.8,,,,0,3,258,540,0,0,0,0,545,241,0,0,197,219,,,,0,0,0,0,0,0,,,
sp8.9,,,,0,1,0,0,568,504,191,262,0,0,241,234,0,0,,,,0,0,0,0,0,0,,,
sp9.1,,,,0,5,0,0,675,460,168,211,0,0,157,329,0,0,,,,0,0,0,0,0,0,,,
sp9.2,,,,0,2,0,0,169,340,0,0,226,404,605,256,0,0,,,,0,0,0,0,0,0,,,
sp9.3,,,,0,5,323,402,0,0,0,0,526,397,0,0,151,201,,,,0,0,0,0,0,0,,,
sp9.4,,,,0,2,679,369,0,0,164,210,0,0,0,0,157,421,,,,0,0,0,0,0,0,,,
sp9.5,,,,0,1,0,0,525,499,162,223,0,0,313,278,0,0,,,,0,0,0,0,0,0,,,
sp9.6,,,,0,3,687,249,0,0,163,344,0,0,0,0,150,407,,,,0,0,0,0,0,0,,,
sp9.7,,,,0,3,281,382,0,0,472,263,0,0,247,355,0,0,,,,0,0,0,0,0,0,,,
sp9.8,,,,0,3,534,329,0,0,0,0,244,217,222,454,0,0,,,,0,0,0,0,0,0,,,
sp9.9,,,,0,2,314,509,0,0,0,0,366,264,0,0,320,227,,,,0,0,0,0,0,0,,,
spcial1,,,,1,1,500,500,0,0,500,500,0,0,500,500,0,0,,,,0,0,0,0,0,0,,,
spcial2,,,,1,1,500,500,0,0,500,500,0,0,0,0,500,500,,,,0,0,0,0,0,0,,,
spcial3,,,,1,1,500,500,0,0,0,0,500,500,500,500,0,0,,,,0,0,0,0,0,0,,,
spcial4,,,,1,1,500,500,0,0,0,0,500,500,0,0,500,500,,,,0,0,0,0,0,0,,,
spcial5,,,,1,1,0,0,500,500,500,500,0,0,500,500,0,0,,,,0,0,0,0,0,0,,,
spcial6,,,,1,1,0,0,500,500,500,500,0,0,0,0,500,500,,,,0,0,0,0,0,0,,,
spcial7,,,,1,1,0,0,500,500,0,0,500,500,500,500,0,0,,,,0,0,0,0,0,0,,,
spcial8,,,,1,1,0,0,500,500,0,0,500,500,0,0,500,500,,,,0,0,0,0,0,0,,,
